url,id,title,downloaded,available,reference,createdAt,updatedAt
https://www.youtube.com/watch?v=-XfyDKPkM9g,-XfyDKPkM9g,Transforming Raiders into Bugs for the Hivemind | Rimworld: Hive #1,f,t,https://www.youtube.com/playlist?list=PLNWGkqCSwkOH1ebNLeyqD9Avviliymkkz,2023-02-15 18:12:02.947+00,2023-02-15 18:12:02.947+00
https://www.youtube.com/watch?v=jQRcAsMOcMc,jQRcAsMOcMc,Embracing the Insect Lifestyle | Rimworld: Hive #2,f,t,https://www.youtube.com/playlist?list=PLNWGkqCSwkOH1ebNLeyqD9Avviliymkkz,2023-02-15 18:12:02.969+00,2023-02-15 18:12:02.969+00
https://www.youtube.com/watch?v=4qC-Z5EEVxg,4qC-Z5EEVxg,Taming an Insect Army | Rimworld: Hive #3,f,t,https://www.youtube.com/playlist?list=PLNWGkqCSwkOH1ebNLeyqD9Avviliymkkz,2023-02-15 18:12:03.222+00,2023-02-15 18:12:03.222+00
https://www.youtube.com/watch?v=HL3RLGDvF6U,HL3RLGDvF6U,Bring on the Mutations! | Rimworld: Hive #4,f,t,https://www.youtube.com/playlist?list=PLNWGkqCSwkOH1ebNLeyqD9Avviliymkkz,2023-02-15 18:12:03.247+00,2023-02-15 18:12:03.247+00
https://www.youtube.com/watch?v=HKO9knhnvU8,HKO9knhnvU8,Rip and Tear | Rimworld: Hive #5,f,t,https://www.youtube.com/playlist?list=PLNWGkqCSwkOH1ebNLeyqD9Avviliymkkz,2023-02-15 18:12:03.254+00,2023-02-15 18:12:03.254+00
https://www.youtube.com/watch?v=6xqGOFfOQjI,6xqGOFfOQjI,Psychic Bug Queen Gets Mutated | Rimworld: Hive #6,f,t,https://www.youtube.com/playlist?list=PLNWGkqCSwkOH1ebNLeyqD9Avviliymkkz,2023-02-15 18:12:03.26+00,2023-02-15 18:12:03.26+00
https://www.youtube.com/watch?v=Ozx7n7RofbE,Ozx7n7RofbE,Last Charge of the Kwarma | Rimworld: Hive #7,f,t,https://www.youtube.com/playlist?list=PLNWGkqCSwkOH1ebNLeyqD9Avviliymkkz,2023-02-15 18:12:03.281+00,2023-02-15 18:12:03.281+00
https://www.youtube.com/watch?v=zx3M8YcPCDY,zx3M8YcPCDY,An Unexpected Surprise (Especially for the Prisoners) | Rimworld: Hive #8,f,t,https://www.youtube.com/playlist?list=PLNWGkqCSwkOH1ebNLeyqD9Avviliymkkz,2023-02-15 18:12:03.288+00,2023-02-15 18:12:03.288+00
https://www.youtube.com/watch?v=-DTHeaQlFZM,-DTHeaQlFZM,Vampire Prisoners vs The Mad Insect Surgeon | Rimworld: Hive #9,f,t,https://www.youtube.com/playlist?list=PLNWGkqCSwkOH1ebNLeyqD9Avviliymkkz,2023-02-15 18:12:03.312+00,2023-02-15 18:12:03.312+00
https://www.youtube.com/watch?v=rcQkRHwceRA,rcQkRHwceRA,Ultimate Insectoid Warriors | Rimworld: Hive #10,f,t,https://www.youtube.com/playlist?list=PLNWGkqCSwkOH1ebNLeyqD9Avviliymkkz,2023-02-15 18:12:03.318+00,2023-02-15 18:12:03.318+00
# Background listing started form here and the order got messed up
https://www.youtube.com/watch?v=SEOzsGbeCXQ,SEOzsGbeCXQ,GOD BABY BURSTS FREE | Rimworld: Hive #23,f,t,https://www.youtube.com/playlist?list=PLNWGkqCSwkOH1ebNLeyqD9Avviliymkkz,2023-02-15 18:12:05.146+00,2023-02-15 18:12:05.146+00
https://www.youtube.com/watch?v=4ZbVePkHMsg,4ZbVePkHMsg,100 Angry Insects VS 1 Friendly Bug | Rimworld: Hive #21,f,t,https://www.youtube.com/playlist?list=PLNWGkqCSwkOH1ebNLeyqD9Avviliymkkz,2023-02-15 18:12:05.146+00,2023-02-15 18:12:05.146+00
https://www.youtube.com/watch?v=CLOXGVF92Fg,CLOXGVF92Fg,You VS The Bee She Tells You Not to Worry About | Rimworld: Hive #22,f,t,https://www.youtube.com/playlist?list=PLNWGkqCSwkOH1ebNLeyqD9Avviliymkkz,2023-02-15 18:12:05.146+00,2023-02-15 18:12:05.146+00
https://www.youtube.com/watch?v=gFnSFtYoptk,gFnSFtYoptk,Hell for the Stellarch! [Finale] | Rimworld: Hive #28,f,t,https://www.youtube.com/playlist?list=PLNWGkqCSwkOH1ebNLeyqD9Avviliymkkz,2023-02-15 18:12:05.147+00,2023-02-15 18:12:05.147+00
https://www.youtube.com/watch?v=g0TN1K68c4k,g0TN1K68c4k,10 Year Bug Hive Timelapse | Rimworld: Hive #29,f,t,https://www.youtube.com/playlist?list=PLNWGkqCSwkOH1ebNLeyqD9Avviliymkkz,2023-02-15 18:12:05.147+00,2023-02-15 18:12:05.147+00
https://www.youtube.com/watch?v=6TVJuKjtSn4,6TVJuKjtSn4,Backfire of the Century | Rimworld: Hive #25,f,t,https://www.youtube.com/playlist?list=PLNWGkqCSwkOH1ebNLeyqD9Avviliymkkz,2023-02-15 18:12:05.147+00,2023-02-15 18:12:05.147+00
https://www.youtube.com/watch?v=QZzB4Hm_azs,QZzB4Hm_azs,The Empire Strikes Back | Rimworld: Hive #27,f,t,https://www.youtube.com/playlist?list=PLNWGkqCSwkOH1ebNLeyqD9Avviliymkkz,2023-02-15 18:12:05.147+00,2023-02-15 18:12:05.147+00
https://www.youtube.com/watch?v=OFrfPvPpYFk,OFrfPvPpYFk,Colonist So Large We Can't Feed it Fast Enough | Rimworld: Hive #26,f,t,https://www.youtube.com/playlist?list=PLNWGkqCSwkOH1ebNLeyqD9Avviliymkkz,2023-02-15 18:12:05.147+00,2023-02-15 18:12:05.147+00
https://www.youtube.com/watch?v=8QJMlQ0U-eQ,8QJMlQ0U-eQ,Buggsy VS The World | Rimworld: Hive #24,f,t,https://www.youtube.com/playlist?list=PLNWGkqCSwkOH1ebNLeyqD9Avviliymkkz,2023-02-15 18:12:05.147+00,2023-02-15 18:12:05.147+00
https://www.youtube.com/watch?v=Dor9fnl0X3Y,Dor9fnl0X3Y,JOIN US IN EVOLUTION | Rimworld: Hive #19,f,t,https://www.youtube.com/playlist?list=PLNWGkqCSwkOH1ebNLeyqD9Avviliymkkz,2023-02-15 18:12:05.686+00,2023-02-15 18:12:05.686+00
https://www.youtube.com/watch?v=96vsCw64m5w,96vsCw64m5w,Next Step in Evolution | Rimworld: Hive #15,f,t,https://www.youtube.com/playlist?list=PLNWGkqCSwkOH1ebNLeyqD9Avviliymkkz,2023-02-15 18:12:05.686+00,2023-02-15 18:12:05.686+00
https://www.youtube.com/watch?v=xD0H0ARz_HM,xD0H0ARz_HM,Hives Within Hives Within Hives Within Hives Within Hives Within Hives Within H | Rimworld: Hive #12,f,t,https://www.youtube.com/playlist?list=PLNWGkqCSwkOH1ebNLeyqD9Avviliymkkz,2023-02-15 18:12:05.686+00,2023-02-15 18:12:05.686+00
https://www.youtube.com/watch?v=fxkhGk7YJos,fxkhGk7YJos,The Genome Scrambler! | Rimworld: Hive #17,f,t,https://www.youtube.com/playlist?list=PLNWGkqCSwkOH1ebNLeyqD9Avviliymkkz,2023-02-15 18:12:05.686+00,2023-02-15 18:12:05.686+00
https://www.youtube.com/watch?v=S8HDsLl6uEc,S8HDsLl6uEc,Bug Queen's Perfection | Rimworld: Hive #14,f,t,https://www.youtube.com/playlist?list=PLNWGkqCSwkOH1ebNLeyqD9Avviliymkkz,2023-02-15 18:12:05.686+00,2023-02-15 18:12:05.686+00
https://www.youtube.com/watch?v=PsmnSEsOyig,PsmnSEsOyig,Breeding a Friendly Colony Guardian | Rimworld: Hive #20,f,t,https://www.youtube.com/playlist?list=PLNWGkqCSwkOH1ebNLeyqD9Avviliymkkz,2023-02-15 18:12:05.686+00,2023-02-15 18:12:05.686+00
https://www.youtube.com/watch?v=fI_NvrrB284,fI_NvrrB284,Let the Brainwashing Begin! | Rimworld: Hive #11,f,t,https://www.youtube.com/playlist?list=PLNWGkqCSwkOH1ebNLeyqD9Avviliymkkz,2023-02-15 18:12:05.686+00,2023-02-15 18:12:05.686+00
https://www.youtube.com/watch?v=sNQTBqiz43I,sNQTBqiz43I,"Finally, BIG Egg | Rimworld: Hive #16",f,t,https://www.youtube.com/playlist?list=PLNWGkqCSwkOH1ebNLeyqD9Avviliymkkz,2023-02-15 18:12:05.686+00,2023-02-15 18:12:05.686+00
https://www.youtube.com/watch?v=r7LwWBm-_Y0,r7LwWBm-_Y0,The Enormous Moth Baby Finally Hatches | Rimworld: Hive #18,f,t,https://www.youtube.com/playlist?list=PLNWGkqCSwkOH1ebNLeyqD9Avviliymkkz,2023-02-15 18:12:05.686+00,2023-02-15 18:12:05.686+00
https://www.youtube.com/watch?v=Kc9n7Y8F8HA,Kc9n7Y8F8HA,The Empire Sends a Kind Gift for Gene Ripping | Rimworld: Hive #13,f,t,https://www.youtube.com/playlist?list=PLNWGkqCSwkOH1ebNLeyqD9Avviliymkkz,2023-02-15 18:12:05.686+00,2023-02-15 18:12:05.686+00
